Run,Block Size,Time (s),L1 DCM,L2 DCM,L3 TCM
1,128,2.43072,831297451,819161301,19152886
1,256,2.38244,790793393,2103763222,15388963
1,512,2.24021,764406153,1809780832,9677238
