Run,Block Size,Time (s),L1 DCM,L2 DCM,L3 TCM
1,128,1.1558,394456440,412192409,7499957
1,256,1.11801,373173006,964958832,6694864
1,512,1.07844,359056559,841341239,4669044
