Run,Block Size,Time (s),L1 DCM,L2 DCM,L3 TCM
1,128,0.424073,144438583,135545180,2023853
1,256,0.412027,135373800,367340351,2112540
1,512,0.386477,130425242,303277504,1414069
