Run,Block Size,Time (s),L1 DCM,L2 DCM,L3 TCM
1,128,0.093393,31634632,30544780,171864
1,256,0.092751,29893087,71214192,377066
1,512,0.087304,28937811,65436978,137002
