Run,Time (s)
1,0.34305453300476074
2,0.334475040435791
3,0.330157995223999
4,0.32154393196105957
5,0.3376305103302002
