Run,Time (s)
1,2286.3873097896576
2,2314.120888710022
3,2275.290178537369
4,2232.7951402664185
5,2236.2605290412903
