Run,Time (s)
1,1476.4460525512695
2,1453.5997376441956
3,1473.1897208690643
4,1471.6750004291534
5,1475.4927892684937
