Run,Time (s)
1,0.42061495780944824
2,0.43290042877197266
3,0.41583251953125
4,0.4057614803314209
5,0.4056394100189209
