Run,Time (s)
1,0.2331845760345459
2,0.22018766403198242
3,0.22069215774536133
4,0.21141886711120605
5,0.2159111499786377
