Run,Time (s)
1,901.2406270503998
2,885.1031494140625
3,900.4912533760071
4,904.129655122757
5,911.7301623821259
