Run,Time (s)
1,2382.2322204113007
2,2495.809791326523
3,2387.7520587444305
4,2378.481904029846
5,2389.3565695285797
