Run,Time (s)
1,2966.967695236206
2,3048.9449632167816
3,3037.3219602108
4,3053.606108188629
5,3128.80335354805
