Run,Time (s)
1,1271.0237483978271
2,1301.9328982830048
3,1263.169169664383
4,1284.2267854213715
5,1323.9617173671722
