Run,Time (s)
1,1722.5134897232056
2,1767.4129521846771
3,1711.9464166164398
4,1740.1621153354645
5,1728.9201533794403
