Run,Time (s)
1,1037.6497690677643
2,1024.918152332306
3,983.2188649177551
4,968.8564882278442
5,967.4700648784637
