Run,Time (s)
1,688.2714085578918
2,700.3047320842743
3,701.6126847267151
4,691.4170160293579
5,683.9549610614777
